,Accuracy,Sensitivity,Specificity,Precision,False Discovery Rate,F1
Adaboost Test,0.9917052939741401,0.7017543859649122,1.0,1.0,0.0,0.8247422680412371
,Accuracy,Sensitivity,Specificity,Precision,False Discovery Rate,F1
Adaboost Train,0.9940218385896419,0.753968253968254,0.999687792694349,0.9827586206896551,0.017241379310344827,0.8532934131736526
