,Accuracy,Sensitivity,Specificity,Precision,False Discovery Rate,F1
Adaboost Test,0.7892122072391767,0.373015873015873,0.94180407371484,0.7014925373134329,0.29850746268656714,0.4870466321243524
,Accuracy,Sensitivity,Specificity,Precision,False Discovery Rate,F1
Adaboost Train,0.7845225417110401,0.37089201877934275,0.9333816075307748,0.6670687575392038,0.33293124246079614,0.4767241379310345
