,Accuracy,Sensitivity,Specificity,Precision,False Discovery Rate,F1
Adaboost Test,0.7686302342086586,0.30158730158730157,0.9398642095053347,0.6477272727272727,0.3522727272727273,0.4115523465703971
,Accuracy,Sensitivity,Specificity,Precision,False Discovery Rate,F1
Adaboost Train,0.7632232871849485,0.2796780684104628,0.9372435433260922,0.6159527326440177,0.38404726735598227,0.38468634686346864
