,Accuracy,Sensitivity,Specificity,Precision,False Discovery Rate,F1
Logistic Regression Test,0.7473385379701917,0.21164021164021163,0.9437439379243453,0.5797101449275363,0.42028985507246375,0.31007751937984496
,Accuracy,Sensitivity,Specificity,Precision,False Discovery Rate,F1
Logistic Regression Train,0.7564785232516862,0.22065727699530516,0.9493120926864591,0.6103896103896104,0.38961038961038963,0.3241379310344828
